2385608,0.59755737,0.68976563,10.750045
2385618,0.040715333,0.31734008,10.530901
2385628,-1.470542,0.86100954,10.42073
2385728,-0.554447,1.0142908,9.648336
2385738,-0.77838135,0.9017249,9.782457
2385748,-0.8693921,0.94962525,9.887838
2385758,-0.7592212,1.0262659,10.019565
2385768,-0.6442602,0.9735754,10.012379
2385778,-0.5221143,1.035846,10.000404
2385788,-0.44786865,0.88974977,10.229129
2385798,-0.7256909,0.8634045,10.187216
2385808,-0.88974977,1.0394385,10.403965
2385818,-0.7879614,1.3112732,10.518926
2385828,-0.7927515,1.3292358,10.374027
2385838,-0.5388794,1.3064831,10.300979
2385848,-0.48139894,0.9963281,10.186018
2385858,-0.43349853,0.8370593,10.471025
2385868,-0.56881714,0.6251001,10.302176
2385878,-0.29219237,0.8753796,10.300979
2385888,-0.015567627,1.1639795,10.560839
2385898,-0.4263135,1.2166699,10.500963
2385908,-0.8358618,1.355581,10.734478
2385918,-0.6873706,1.7112415,11.04583
2385928,-0.8370593,2.0142114,10.584789
2385938,-0.49457154,2.5590785,10.578801
2385948,-0.0071850587,2.5483007,10.589579
2385958,-0.5005591,2.1148024,10.426718
2385968,-0.23590942,2.0249891,10.176438
2385978,-0.13651611,2.269281,10.34888
2385988,-0.37122804,2.3698719,10.31535
2385998,-0.7592212,3.1398706,10.322535
2386008,-0.7592212,3.6260595,10.435101
2386017,-0.53049684,3.7086878,10.595567
2386027,-0.91489744,3.3793726,10.32972
2386037,-0.6382727,3.732638,10.099797
2386047,-0.29937744,3.9877076,9.654324
2386057,-0.50774413,4.5696974,9.332193
2386067,-0.66821045,4.743336,9.237591
2386077,-0.71730834,4.8750625,9.193282
2386087,-1.1975098,5.4462743,9.144184
2386097,-1.3052857,5.8079224,9.0076685
2386107,-1.6777111,5.859415,9.005274
2386117,-1.7004639,5.739664,8.847202
2386127,-1.6908838,5.4163365,8.465197
2386137,-2.098037,4.870272,8.031698
2386147,-1.9507434,4.932543,6.939569
2386157,-1.4394068,5.581593,6.072572
2386167,-1.3184582,6.1599903,4.296665
2386177,-1.465752,6.4473925,2.4321423
2386187,-1.8034497,4.518204,1.5783179
2386197,-0.7592212,0.88735473,1.6322058
2386207,4.768484,-0.6622229,4.045188
2386217,4.1026683,-1.4561719,4.526587
2386227,0.16286133,-7.181466,6.2941113
2386237,4.749324,-9.612411,5.957611
2386247,-0.62989014,-17.16271,3.7278478
2386257,4.3397756,-17.868044,5.971981
2386267,7.941885,-19.144588,8.496332
2386277,5.9767714,-14.489868,8.357421
2386287,4.724176,-12.500805,10.299782
2386297,7.284452,-13.764177,12.698394
2386307,5.9300685,-14.291081,11.734398
2386317,2.6752367,-10.760822,11.95474
2386327,2.586621,-6.0414367,10.13692
2386337,1.9279907,-8.230485,7.508386
2386347,0.97716796,-6.2593837,3.6512072
2386357,2.4333398,-8.135881,1.1579919
2386367,3.2620165,-10.655442,0.49337402
2386377,2.6572742,-13.418097,1.6058606
2386387,4.1457787,-15.208374,4.4786863
2386397,6.787485,-16.361576,5.469027
2386407,5.146897,-16.33044,5.987549
2386417,2.5782385,-15.070661,6.774313
2386427,3.305127,-12.904366,6.525231
2386437,-0.19878662,-8.539442,5.093009
2386447,-1.6393908,-0.07185058,6.8569407
2386457,2.5518932,0.8358618,4.91937
2386467,3.37578,4.2810974,6.4426026
2386477,2.858456,0.87178713,7.7119627
2386486,5.18881,0.17363891,7.5586815
2386496,5.2810183,2.5602758,7.946675
2386506,4.0667434,3.5937269,7.5682616
2386516,3.0153296,2.46208,7.4952135
2386526,2.645299,2.2010229,7.884404
2386536,1.8154248,2.2393432,7.6868153
2386546,0.88974977,3.1578333,7.4712634
2386556,0.17244141,3.942202,7.3982153
2386566,-0.32332763,4.6595106,7.4497085
2386576,-0.20716919,5.452262,8.153844
2386586,0.10538086,5.806725,8.937016
2386596,-0.36404297,5.85223,10.071057
2386606,-0.8825647,6.3599744,10.152488
2386616,-0.43349853,6.201903,10.268646
2386626,-0.57480466,5.8079224,9.388476
2386636,-0.5340893,5.051096,9.008866
2386646,-1.3220508,4.2092466,8.206534
2386656,-1.2777429,4.196074,7.6472974
2386666,-1.0526111,5.180427,6.5527735
2386676,-0.852627,5.9372535,4.7553115
2386686,-0.22872436,4.60203,4.6247826
2386696,0.10538086,3.2668066,3.0081446
2386706,1.3424084,1.23104,3.542234
2386716,2.75068,-2.5854235,2.757865
2386726,3.4380505,-7.8784165,3.1003528
2386736,3.854784,-12.492422,2.4932153
2386746,1.4513818,-17.659676,0.3412903
2386756,3.549419,-24.721392,5.5899754
2386766,11.908037,-19.549347,8.546627
2386776,7.0090246,-17.18187,6.0546093
2386786,3.861969,-12.533137,2.7925928
2386796,6.7324,-10.553654,5.8187
2386806,7.923922,-16.323256,8.520282
2386816,2.6285338,-14.376104,11.520044
2386826,1.3352234,-9.83874,11.93079
2386836,1.7651294,-7.026987,7.811356
2386846,0.7544311,-2.8153455,2.1148024
2386856,1.2478051,-3.615282,-1.0597961
2386866,3.4129028,-8.01134,-0.79035646
2386876,3.6967127,-13.880336,-0.613125
2386886,3.2081287,-17.5519,-0.27542725
2386896,3.6260595,-17.650097,0.4790039
2386906,6.1348424,-16.1101,3.8895118
2386916,7.100035,-17.947079,5.4115467
2386926,5.4977674,-19.736158,6.5599585
2386936,3.6595898,-17.511185,6.349197
2386946,1.5447876,-13.500725,3.7841308
2386956,0.59516233,-6.6018715,2.2980213
2386966,0.065863036,0.41912842,2.753075
2386976,2.410587,0.06346802,2.5195606
2386986,5.428312,4.023633,5.2750306
2386996,4.4786863,3.942202,6.4809227
2387006,4.24637,4.214037,6.949149
2387016,3.8871167,4.7157936,7.9742174
2387026,3.1183155,4.501439,7.892787
2387035,2.8728259,2.9913795,8.472382
2387045,2.1136048,2.818938,7.702383
2387055,2.2118006,4.324208,7.8053684
2387065,1.6801062,4.8187795,7.4161777
2387075,-0.12933105,5.17444,7.699988
2387085,-0.81670165,5.6953564,7.745493
2387095,-0.36524048,5.7995396,8.480764
2387105,-0.2838098,5.2355127,8.370593
2387115,-1.0442286,5.005591,7.8005786
2387125,-1.0166858,4.169729,6.8461633
2387135,-0.98794556,3.9601648,5.476212
2387145,-1.4441968,3.7733533,4.00567
2387155,-0.803529,3.1003528,3.427273
2387165,0.10777588,1.8106347,3.685935
2387175,3.6452198,3.1410682,3.5949242
2387185,2.8656409,-1.4010864,3.0620325
2387195,2.8464806,-8.406519,4.291875
2387205,2.7854078,-19.454744,1.5471826
2387215,1.3927039,-23.347847,1.6884887
2387225,2.499203,-24.405249,7.6892104
2387235,7.060518,-22.867647,2.6979895
2387245,7.2796617,-19.998413,2.0166063
2387255,5.7516394,-14.124628,-0.6251001
2387265,3.439248,-21.656963,2.1674926
2387275,6.427035,-18.794916,5.9492283
2387285,3.0452673,-17.717157,9.166937
2387295,2.074087,-13.8013,10.10339
2387305,2.4860303,-7.9514647,8.735834
2387315,1.6346009,-5.3133507,6.6114516
2387325,1.3052857,-1.5579602,1.3986914
2387335,1.7794995,-0.979563,-2.2417383
2387345,2.6931994,-3.4236803,-3.0201197
2387355,3.66917,-7.411388,-1.7962646
2387365,3.906277,-11.543994,-0.009580079
2387375,5.5097423,-14.032419,0.9508228
2387385,5.732479,-16.411871,1.6441809
2387395,5.19839,-17.372274,1.5160474
2387405,4.494254,-16.889677,0.74485105
2387415,4.7373486,-17.372274,1.2693603
2387425,4.6415477,-17.030983,3.133883
2387435,4.2104445,-17.559086,4.380491
2387445,4.091891,-17.35072,5.2163525
2387455,4.988826,-14.701827,2.3219714
2387465,-0.5221143,-12.353511,3.1039453
2387475,-0.91849,-1.6669335,-0.70772827
2387485,1.5699353,3.2272887,1.3843213
2387495,4.519402,1.5914905,2.7997777
2387505,4.6906457,5.6893687,4.6128078
2387515,3.493136,4.463119,5.0870214
2387525,4.5050316,4.8415318,6.6006737
2387535,3.4679883,3.3386571,7.4413257
2387545,3.3470397,1.1053015,7.3563023
2387554,3.3877552,0.35087037,6.986272
2387564,2.1854553,0.8262817,6.668932
2387574,1.6310083,1.726809,6.9778895
2387584,0.76281375,1.834585,7.7754307
2387594,-0.19878662,2.8572583,8.092771
2387604,0.45026368,4.405638,8.737031
2387614,0.57959473,5.1301317,8.892708
2387624,-0.07304809,5.102589,7.764653
2387634,0.32093263,4.070336,6.1887302
2387644,0.17962646,3.9038818,5.264253
2387654,0.062270507,3.011737,3.241659
2387664,1.2921131,1.7938696,3.7458105
2387674,3.1602283,1.348396,4.1457787
2387684,3.4548156,-1.0370435,4.1457787
2387694,4.1290135,-5.9540186,5.7636147
2387704,2.286046,-15.834672,5.6366787
2387714,1.8333875,-20.061882,5.5468655
2387724,2.499203,-23.623276,7.6233473
2387734,9.796827,-21.383932,6.9132237
2387744,8.964558,-21.030666,4.9576902
2387754,3.8727465,-13.828843,0.72808594
2387764,7.556287,-13.091177,0.05867798
2387774,8.376581,-21.856949,8.23288
2387784,3.906277,-18.839224,11.729609
2387794,2.9853919,-13.390554,14.050382
2387804,1.8273998,-5.7193065,11.795471
2387814,1.470542,-2.5614734,7.2341566
2387824,1.8501526,-1.4789245,3.241659
2387834,2.5830286,-4.918173,0.6394702
2387844,3.9146595,-10.823093,1.7567468
2387854,4.336183,-15.712525,0.09580078
2387864,2.9291089,-18.00935,-1.8800904
2387874,3.2320788,-17.296831,-1.6441809
2387884,5.722899,-16.833395,-0.009580079
2387894,7.6963954,-15.153289,1.419049
2387904,6.0150914,-15.6059475,3.671565
2387914,1.5280224,-15.694563,3.9158568
2387924,0.76760375,-12.044553,1.83698
2387934,-0.71730834,-7.941885,3.2835717
2387944,2.523153,0.81789917,3.573369
2387954,0.7244934,-3.3422499,3.1350806
2387964,4.8738647,1.7411792,5.2091675
2387974,5.4702244,3.417693,5.4342995
2387984,4.5696974,2.6033862,5.579198
2387994,5.811515,3.478766,6.551576
2388004,4.934938,2.682422,6.715635
2388014,4.3397756,2.2022204,6.476133
2388024,3.781736,1.902843,6.0402393
2388034,3.2751892,2.8105555,6.004314
2388044,1.2406201,3.1470556,6.6940794
2388054,-0.9340576,3.2308815,7.5694594
2388063,-0.3796106,3.9038818,8.859178
2388073,0.34847534,4.58766,9.607621
2388083,0.35326537,5.447472,9.582473
2388093,0.33769774,5.140909,9.314231
2388103,0.22752686,4.362528,8.0580435
2388113,0.14370117,3.7194653,6.2593837
2388123,-0.22513184,2.9686267,4.8259645
2388133,-0.54726195,2.1830604,4.6415477
2388143,0.0742456,0.9831555,4.750521
2388153,2.9482691,2.3507116,4.907395
2388163,2.6908045,-0.2838098,4.2152343
2388173,2.5830286,-5.429509,1.6130457
2388183,2.9638367,-17.430952,-0.08861572
2388193,3.0871801,-24.859106,0.735271
2388203,3.4021254,-25.932074,7.249724
2388213,4.8187795,-25.062681,4.042793
2388223,8.752599,-24.139402,4.7696815
2388233,5.654641,-17.257313,3.070415
2388243,4.2715173,-21.374352,1.3723462
2388253,8.757389,-22.104834,6.5012803
2388263,2.4225624,-20.09182,6.0689793
2388273,3.258424,-16.795074,8.305927
2388283,4.245172,-11.662548,8.92504
2388293,2.1411474,-6.5431933,7.7682457
2388303,0.7388635,-3.69791,5.2331176
2388313,2.1830604,0.24668701,0.57480466
2388323,1.6717236,1.2130774,-2.6093738
2388333,3.0320947,-1.968706,-3.182981
2388343,2.9135413,-7.0533323,-0.90052736
2388353,4.667893,-11.941567,-1.0370435
2388363,5.4810023,-14.509028,0.3939807
2388373,4.7469287,-17.299227,1.5328125
2388383,4.7601013,-17.874031,1.9902612
2388393,4.726571,-16.871716,1.7687219
2388403,5.0187635,-16.289726,2.3483167
2388413,6.43422,-16.002323,2.6249413
2388423,5.4043617,-16.22027,1.5483801
2388433,5.6797886,-16.916023,4.653523
2388443,3.9002893,-17.03218,3.6140845
2388453,0.44667113,-11.219469,2.0968397
2388463,-1.1723621,-6.4940953,2.3650818
2388473,-0.05269043,-3.3578174,1.0418335
2388483,0.8957373,-2.7734327,1.9878662
2388493,5.2091675,2.4704626,3.5673816
2388503,6.709647,6.1911254,3.2692018
2388513,5.623506,7.005432,4.3421702
2388523,5.0750465,5.276228,5.5301
2388533,5.22234,3.798501,6.692882
2388543,4.4427614,2.8404932,6.946754
2388553,2.8692334,2.9195287,6.291716
2388563,0.41433838,2.8536658,5.379214
2388573,-0.21435425,0.9675879,5.2498827
2388583,0.45625123,0.67898804,4.93374
2388592,0.61552,2.506388,3.5170863
2388602,-0.21315674,3.685935,2.2992187
2388612,0.5987549,3.0177245,3.1075377
2388622,1.2669654,1.7579443,4.3397756
2388632,2.8512707,2.5363257,5.405559
2388642,3.1686108,-0.1353186,5.4319043
2388652,3.5326538,-6.5623536,3.133883
2388662,3.246449,-16.22985,-1.3663586
2388672,0.68377805,-23.273602,-3.5218763
2388682,3.9577699,-26.66016,2.906356
2388692,6.8892736,-29.31384,1.0202783
2388702,8.24725,-27.945087,3.0488598
2388712,7.306007,-25.165668,2.384242
2388722,5.2331176,-25.867409,4.8714695
2388732,5.277426,-21.42345,5.769602
2388742,2.086062,-18.852396,6.5946865
2388752,4.360133,-13.273198,6.8749037
2388762,3.05365,-9.748927,8.382568
2388772,1.7256116,-5.686974,7.003037
2388782,1.043031,-2.1052222,4.28469
2388792,1.5399976,3.9924974,-1.5160474
2388802,1.6046631,2.027384,-3.4081128
2388812,2.8560607,-3.305127,-2.9602442
2388822,3.3865576,-8.945398,-1.9387683
2388832,5.388794,-13.322296,-0.55324954
2388842,7.5934095,-14.441968,-0.5400769
2388852,5.107379,-14.943725,-0.13891113
2388862,4.740941,-15.1700535,0.8358618
2388872,3.1159203,-17.62016,2.0896544
2388882,4.7181883,-17.705181,2.1243823
2388892,5.4462743,-19.07154,2.5614734
2388902,4.1517663,-17.447718,3.2524366
2388912,2.9734168,-16.081358,0.95321774
2388922,4.317023,-15.596367,2.6536818
2388932,4.5457473,-14.267132,2.44292
2388942,3.6583924,-10.684182,3.1817834
2388952,2.2309606,-5.670209,1.7375866
2388962,0.99872315,-4.052373,1.7555493
2388972,1.895658,-3.0919702,3.0105395
2388982,2.3207738,-2.198628,3.8715491
2388992,3.690725,0.5376819,5.2415004
2389002,5.879773,3.197351,4.883445
2389012,4.8103967,3.0692174,6.229446
2389022,3.297942,3.3937426,6.822213
2389032,3.018922,3.3482373,8.102351
2389042,2.43813,2.6009912,8.103549
2389052,2.3016138,2.75068,8.646021
2389062,3.4871485,2.7937903,9.055569
2389072,2.506388,3.6440222,8.541837
2389081,1.6944764,5.1864147,8.308323
2389091,1.8717078,5.652246,7.883207
2389101,1.2322376,5.6893687,7.2880445
2389111,0.4394861,3.6200721,6.8341885
2389121,0.18561402,2.8596532,6.4030848
2389131,-0.06346802,3.0943651,5.597161
2389141,-0.17962646,4.3517504,3.0943651
2389151,-0.18800904,3.7158728,1.773512
2389161,0.9077124,2.9925768,1.348396
2389171,4.2008643,2.3878345,4.2834926
2389181,6.9898643,1.2118798,3.424878
2389191,5.981561,-7.1754785,4.348158
2389201,3.3506324,-16.215479,4.8654823
2389211,-1.6346009,-23.647224,2.095642
2389221,5.588778,-23.86637,8.376581
2389231,10.75723,-27.57386,7.3024144
2389241,10.41115,-19.138601,14.428795
2389251,7.5023985,-16.490908,11.407478
2389261,3.1350806,-11.230247,9.671089
2389271,2.0166063,-7.9826,11.238629
2389281,1.9016455,-4.7038183,8.5154915
2389291,1.783092,-3.605702,4.6104126
2389301,3.046465,-1.3591735,1.6322058
2389311,0.98674804,-6.77072,0.1101709
2389321,2.198628,-12.032578,0.07185058
2389331,5.9767714,-14.515016,-0.0047900393
2389341,7.122788,-16.568745,4.4415636
2389351,6.9048414,-16.134048,7.7981834
2389361,3.7110827,-17.171093,6.910829
2389371,7.294032,-15.338902,6.922804
2389381,6.301296,-12.479249,5.492977
2389391,0.8693921,-8.413704,4.9780483
2389401,0.0119750975,-3.725453,3.5901344
2389411,1.5352075,-6.638994,6.2941113
2389421,5.1205516,-1.4885046,2.3411317
2389431,6.171965,1.0813513,3.5350487
2389441,5.0475035,5.3923864,1.773512
2389451,6.646179,6.4354177,3.3518298
2389461,6.932384,5.8103175,4.719386
2389471,5.140909,4.1469765,6.2653713
2389481,4.1457787,3.263214,7.115603
2389491,2.4980054,3.2033386,7.355105
2389501,2.022594,3.7506006,7.714358
2389511,2.1483326,3.7194653,7.7586656
2389521,1.8106347,3.6392322,7.9574523
2389531,1.8741028,4.4834766,8.095166
2389541,1.9758911,4.6271777,8.067623
2389551,1.5172448,3.9673498,7.316785
2389561,1.0849439,3.6212695,6.597081
2389571,1.3567786,3.0871801,6.421047
2389580,2.3135889,2.8608508,6.4653554
2389590,4.1397915,2.9734168,5.3971767
2389600,4.756509,3.6164794,5.478607
2389610,3.7589831,0.07544312,5.0989966
2389620,4.839137,-3.6488123,4.2296047
2389630,2.5638685,-7.4485106,2.1052222
2389640,1.2298425,-12.971426,-0.4538562
2389650,1.8753003,-17.397423,-0.92328
2389660,7.933502,-18.897902,4.2415795
2389670,10.1189575,-19.4763,0.6262976
2389680,7.2341566,-17.615368,0.68377805
2389690,4.59724,-19.848724,0.20237915
2389700,4.653523,-21.266577,2.6464965
2389710,4.348158,-20.356468,5.715714
2389720,3.925437,-14.887442,5.732479
2389730,3.9074743,-9.742939,5.398374
2389740,4.357738,-7.0976405,5.367239
2389750,2.4177723,-5.253475,4.1781116
2389760,1.8705102,-3.222499,1.6693286
2389770,2.1183949,-0.96399534,-1.3675561
2389780,3.0285022,0.0047900393,-3.6871326
2389790,3.9577699,-2.870431,-4.622388
2389800,3.5398388,-6.114485,-4.333788
2389810,4.348158,-9.178912,-3.5554066
2389820,6.236631,-11.338022,-2.1782703
2389830,6.2330384,-12.282858,-1.3184582
2389840,5.0475035,-12.467274,0.5065466
2389850,5.034331,-12.534335,1.9878662
2389860,5.457052,-13.289964,3.3422499
2389870,4.4655137,-13.855188,3.6284547
2389880,3.8966968,-14.265934,1.8621277
2389890,3.9996827,-14.34497,3.0476623
2389900,5.5875807,-14.328204,3.302732
2389910,6.15041,-15.318545,2.5782385
2389920,5.5528526,-13.8013,2.762655
2389930,5.595963,-12.543915,3.3278797
2389940,4.877457,-12.18586,4.30385
2389950,2.8225305,-10.451865,3.9685473
2389960,1.6848962,-4.956493,2.9195287
2389970,0.5376819,-4.035608,4.3002577
2389980,2.015409,-1.6310083,4.7062135
2389990,3.241659,-2.454895,5.910908
2390000,3.0931678,-2.4141798,5.764812
2390010,3.9445972,-0.05628296,6.175558
2390020,4.176914,1.6142431,5.9145007
2390030,2.2680836,1.2741504,6.476133
2390040,2.9494665,3.7553906,6.843768
2390050,3.1255004,4.9505053,5.8881555
2390060,1.8501526,3.617677,5.325326
2390070,3.2380664,2.4417224,5.253475
2390079,2.586621,1.0466236,4.8654823
2390089,0.5221143,0.8981323,4.2583447
2390099,-0.72808594,1.893263,3.666775
2390109,0.28620484,2.694397,2.0309765
2390119,3.0153296,2.7279272,4.261937
2390129,4.9600854,1.3711487,2.9446764
2390139,6.114485,-2.271676,2.6776319
2390149,3.1183155,-8.091574,2.0824695
2390159,0.19279908,-15.772401,-0.91130495
2390169,2.2656884,-19.949316,4.1709266
2390179,8.0305,-21.68331,8.037685
2390189,9.569301,-24.41842,8.211325
2390199,8.411308,-16.71005,8.878338
2390209,6.388715,-16.289726,8.587342
2390219,2.814148,-14.305451,7.2102065
2390229,4.460724,-13.117522,8.331076
2390239,3.4919386,-9.891431,7.5838294
2390249,2.4872277,-7.68442,5.6881714
2390259,2.4081922,-6.974297,4.418811
2390269,3.317102,-4.6343627,1.3867164
2390279,2.875221,-6.109695,0.42152345
2390289,3.2356713,-10.75244,1.108894
2390299,4.1852965,-15.564034,1.6130457
2390309,2.1686902,-17.692009,1.5435901
2390319,2.6141639,-17.143549,1.8297949
2390329,6.9970493,-15.534097,3.2500415
2390339,6.627019,-15.702946,4.6415477
2390349,4.084706,-16.821419,2.880011
2390359,7.2149963,-15.717316,3.485951
2390369,6.581514,-14.928157,3.998485
2390379,4.1613464,-8.653206,2.262096
2390389,0.49337402,-5.892946,2.0896544
2390399,1.043031,-1.3448035,3.222499
2390409,1.7483642,-3.2692018,4.4786863
2390419,2.45729,-1.8764977,4.357738
2390429,4.736151,2.2393432,6.0593996
2390439,4.8032117,4.079916,4.643943
2390449,3.5625916,2.7590625,5.2582655
2390459,4.548142,2.311194,6.1935205
2390469,4.566105,2.1746778,6.3372216
2390479,3.864364,2.9770093,6.382727
2390489,3.1410682,4.4595265,6.3060865
2390499,2.574646,5.635481,6.937174
2390509,3.2811768,5.7875648,7.3778577
2390519,2.7231371,6.1396327,7.4616833
2390529,2.2369483,5.4630394,7.3263645
2390539,1.648971,4.3864784,6.964717
2390549,1.4202466,2.753075,6.219866
2390559,1.4561719,2.0142114,5.024751
2390569,1.5244299,2.7375073,3.5877392
2390579,1.7363892,2.9398866,1.8609302
2390589,2.1627026,1.2442126,2.4704626
2390599,3.993695,0.56881714,4.8415318
2390609,4.7325587,0.46942383,4.6128078
2390619,4.414021,-5.0630713,3.9493873
2390629,3.7027001,-11.05541,3.9122643
2390638,1.6932788,-17.228573,0.20836669
2390648,1.0250684,-21.854553,2.2477257
2390658,7.9299097,-21.929996,6.2737536
2390668,8.522677,-23.460413,2.6560767
2390678,7.707173,-19.568506,4.8810496
2390688,6.634204,-18.10515,5.1852174
2390698,3.422483,-16.190332,5.6738014
2390708,0.41912842,-13.432467,5.2091675
2390718,4.8379393,-13.373789,6.1552
2390728,3.5578015,-8.816067,5.3049684
2390738,1.2202624,-6.3456044,3.4512231
2390748,2.591411,-3.0835876,0.5640271
2390758,1.6405884,0.20597167,-3.6631823
2390768,2.7219398,-2.8955786,-3.5937269
2390778,3.549419,-7.8317137,-2.44292
2390788,5.0894165,-11.593092,-1.2537928
2390798,5.1792297,-13.534255,-0.123343505
2390808,3.8404138,-14.868281,0.5125342
2390818,4.436774,-14.752123,1.9531385
2390828,5.0175657,-15.264657,1.9040406
2390838,4.1757164,-15.392791,3.2895594
2390848,5.5827904,-14.972465,2.4968078
2390858,6.2569885,-15.281422,1.5376025
2390868,6.1540027,-14.645544,3.2165112
2390878,6.6018715,-14.324612,4.223617
2390888,6.71803,-15.481406,4.061953
2390898,4.453539,-14.680272,2.8931837
2390908,1.8681152,-10.165661,3.923042
2390918,-1.8238074,-6.124065,1.1855347
2390928,-0.1580713,-2.3662794,1.7399817
2390938,1.1256592,-3.070415,2.5147705
2390948,3.4727783,0.13172607,2.8321106
2390958,6.666537,4.8247666,3.6679723
2390968,5.724097,6.4797254,3.4200878
2390978,4.355343,6.342012,4.799619
2390988,4.670288,5.2678456,5.6163206
2390998,4.6008325,3.2440538,6.7575474
2391008,3.7709582,1.9387683,6.9766917
2391018,2.5363257,1.9076331,6.5863037
2391028,0.6658154,0.9592053,6.561156
2391038,2.208208,1.7555493,5.604346
2391048,1.3040881,2.1327648,4.1170387
2391058,1.0897338,3.7074902,2.0070264
2391068,1.4130615,4.0116577,0.9687854
2391078,3.1135254,3.5122962,2.7866051
2391088,4.475094,3.2919543,2.6812243
2391098,5.0894165,-0.09699829,3.0249097
2391108,5.301376,-5.5756054,4.030818
2391118,2.2465284,-11.985875,2.6752367
2391128,1.0633887,-16.462166,4.3697133
2391138,4.6966333,-21.77911,6.2090883
2391148,9.889035,-21.199516,7.0748878
2391158,6.177953,-20.255878,6.509663
2391168,6.483318,-17.659676,7.106023
2391178,7.0341725,-18.01414,6.431825
2391188,6.302494,-14.761703,6.1276574
2391198,4.1290135,-11.322454,3.1745985
2391208,3.8475988,-12.90197,1.1579919
2391218,4.6343627,-10.230326,0.0119750975
2391227,3.6595898,-8.611293,-0.20237915
2391237,2.9195287,-6.234236,-1.353186
2391247,1.8010547,-4.014053,-1.7567468
2391257,1.1148816,-2.9985645,-1.1855347
2391267,3.4703834,-2.4225624,-1.4873071
2391277,2.3698719,-1.9076331,-1.3196558
2391287,2.5890162,-5.859415,-1.3208532
2391297,4.594845,-9.351354,-1.0322534
2391307,5.659431,-10.314152,-1.8094373
2391317,6.0103016,-10.560839,-2.6488917
2391327,5.1624646,-11.698473,-1.8968555
2391337,5.7348742,-13.4169,1.2082874
2391347,6.4665527,-15.802339,2.9865894
2391357,4.2810974,-17.53274,1.8405725
2391367,4.6032276,-16.199913,1.5867004
2391377,4.757706,-15.36884,3.1985486
2391387,4.4032435,-13.432467,1.7842896
2391397,4.9948134,-14.444363,1.9327807
2391407,6.1911254,-15.65265,3.5697765
2391417,6.0342517,-15.975978,2.3782544
2391427,3.4260755,-13.559403,2.503993
2391437,1.5483801,-4.709806,-0.97477293
2391447,-0.49097902,-0.5005591,-0.22393432
2391457,1.2406201,1.4621594,1.0621911
2391467,1.8106347,0.50894165,2.6213489
2391477,4.9205675,2.8919861,5.252278
2391487,5.3780165,4.7529163,5.0115786
2391497,3.5075061,4.028423,6.394702
2391507,2.8165429,2.6069787,6.688092
2391517,3.197351,2.1627026,6.793473
2391527,2.4716601,1.033451,6.8533483
2391537,2.4956102,1.0921289,6.716832
2391547,1.6346009,1.299298,6.4438
2391557,1.4358143,2.1088147,6.029462
2391567,1.6441809,3.0500574,5.7001467
2391577,2.325564,3.3662,5.47741
2391587,2.2632935,3.3410523,4.6175976
2391597,2.323169,2.396217,5.351671
2391607,4.9576902,2.654879,5.49178
2391617,5.692961,-0.7496411,3.8811293
2391627,4.764891,-4.1122484,2.767445
2391637,2.5494983,-10.327324,-0.06346802
2391647,2.4393275,-15.914905,-0.38679564
2391657,6.0498195,-19.382893,5.8091197
2391667,7.442523,-20.672611,3.9709425
2391677,7.4640784,-20.356468,4.8547044
2391687,7.4904237,-20.222347,3.8751416
2391697,5.0091834,-18.205742,2.0489392
2391707,4.352948,-16.987873,6.030659
2391717,4.3757005,-13.873151,3.7015028
2391727,2.8716285,-11.624228,3.864364
2391737,3.4775684,-9.405242,4.1361985
2391747,1.8836828,-5.649851,2.4752526
2391757,1.0238708,-2.9913795,-0.34009278
2391767,1.4645544,-1.6813037,-2.7375073
2391777,1.9866687,-0.5340893,-5.2678456
2391787,2.3171813,-2.9877868,-5.1361194
2391797,3.1159203,-6.4378123,-4.712201
2391806,4.149371,-8.747808,-4.980443
2391816,4.1864944,-10.254276,-5.6833816
2391826,4.4032435,-10.71412,-5.2115626
2391836,4.0272255,-11.063793,-4.0655456
2391846,4.0727305,-10.916499,-2.76026
2391856,3.530259,-11.211086,-0.6215076
2391866,4.934938,-11.924802,0.17962646
2391876,5.154082,-13.0241165,-0.549657
2391886,3.8727465,-13.1929655,0.12573853
2391896,3.7458105,-12.348721,-0.85023195
2391906,3.319497,-11.59429,-1.1292517
2391916,3.2153137,-10.255474,-1.1520044
2391926,3.6679723,-9.335786,-1.2478051
2391936,5.1037865,-9.196875,0.6514453
2391946,4.7385464,-9.201665,1.3831238
2391956,4.3218126,-10.230326,3.9386096
2391966,4.4655137,-11.564352,4.7397437
2391976,4.317023,-12.753479,4.1541615
2391986,4.382886,-11.887679,4.629573
2391996,3.8284388,-10.352472,6.12167
2392006,2.5686584,-8.543035,4.4715014
2392016,1.775907,-5.7839723,4.8966174
2392026,2.0501368,-3.6967127,6.1528053
2392036,1.8836828,-1.893263,5.6785913
2392046,1.6848962,0.08741821,6.035449
2392056,1.541195,0.25027955,5.4247193
2392066,2.2932312,-0.9017249,5.579198
2392076,2.13995,-1.2034973,6.422245
2392086,1.7208215,-0.8837622,6.6258216
2392096,1.3471985,0.82268924,6.7898803
2392106,1.4645544,2.4752526,7.5251513
2392116,1.043031,2.6297314,7.9814024
2392126,0.3412903,2.264491,8.046068
2392136,0.31374756,1.583108,8.481961
2392146,0.3915857,0.7496411,7.3515124
2392156,0.68377805,-0.96160036,8.183782
2392166,0.20716919,-2.0657043,8.589738
2392176,-0.27303222,-1.3879138,9.243578
2392186,-0.08023316,0.05987549,9.554931
2392196,0.13052857,1.0011182,9.856703
2392206,0.12693603,1.169967,10.086625
2392216,0.20597167,0.83825684,10.52132
2392226,0.4394861,0.4514612,10.900931
2392236,0.37242553,0.15567628,10.861414
2392246,0.305365,0.09101074,11.081756
2392256,0.41433838,-0.4179309,11.049422
2392266,0.27782226,-0.671803,11.00272
2392276,0.42032593,-0.5053491,11.0901375
2392286,0.6586304,-0.16405883,10.928474
2392296,0.66342044,0.20118164,10.75244
2392306,0.77957886,0.46942383,10.697354
2392316,0.83346677,0.4394861,10.65185
2392326,0.7640112,0.5125342,10.667417
2392336,0.9172925,0.49097902,11.06499
2392346,0.7149133,0.26225463,10.829081
2392355,0.5999524,0.11615845,10.644665
2392365,0.69096315,-0.122145995,10.823093
2392375,0.72928345,-0.29817992,10.491383
2392385,0.8358618,0.04790039,10.206376
2392395,0.80472654,0.45505372,9.55972
2392405,0.94363767,1.0394385,9.178912
2392415,0.82268924,1.0777588,9.340576
2392425,0.52570677,0.6933582,9.422007
2392435,0.5017566,0.6933582,9.3872795
2392445,0.2323169,0.6753955,9.711804
2392455,0.086220704,0.4179309,10.015972
2392465,-0.07065307,0.064665526,10.024354
2392475,-0.13651611,0.15208374,9.944121
2392485,-0.081430666,-0.21794678,10.43989
2392495,0.0023950196,-0.40835083,10.267448
2392505,0.11855347,-0.05388794,10.237511
2392515,0.04430786,0.26824218,10.239906
2392525,0.22992188,0.20597167,10.187216
2392535,0.5137317,0.1963916,9.946516
2392545,0.5903723,0.082628176,9.540561
2392555,0.58558226,-0.18681152,10.160871
2392565,0.7879614,-0.81310916,10.256671
2392575,0.64186525,0.069455564,10.508148
2392585,0.61911255,-0.5724097,10.722503
2392595,0.10538086,-0.9807605,10.941647
2392605,-0.23710693,-0.43709105,11.199111
2392615,-0.13891113,-0.038320314,11.185939
2392625,-0.53528684,-0.12693603,10.854229
2392635,0.04790039,0.2586621,10.371632
2392645,0.24908203,0.48259643,10.334509
2392655,-0.124541014,0.15208374,10.708133
2392665,-0.24668701,0.21794678,10.310559
2392675,-0.18202148,0.26464966,10.483001
2392685,-0.31255004,0.30416748,10.862611
2392695,-0.1580713,0.03592529,10.851833
2392705,-0.18202148,0.0371228,10.869796
2392715,-0.14010864,0.4287085,10.899734
2392725,0.0035925293,0.79394895,10.896141
2392735,-0.20118164,0.6442602,10.641071
2392745,-0.24069947,0.5484595,10.570418
2392755,-0.2574646,0.4287085,10.268646
2392765,-0.083825685,0.556842,10.433903
2392775,-0.028740235,0.6442602,10.32972
2392785,-0.11256592,0.7113208,10.243499
2392795,-0.040715333,0.54247195,10.188413
2392805,-0.0490979,0.51971924,10.153686
2392815,-0.19758911,0.39877075,10.346484
2392825,-0.37362304,0.5724097,10.305769
2392835,-0.32093263,0.6730005,10.229129
2392845,-0.33650026,0.6322852,9.947714
2392855,-0.05987549,1.1076965,10.025552
2392864,-0.05029541,1.3879138,9.794433
2392874,-0.062270507,1.5531702,10.0135765
2392884,0.08861572,1.4549744,10.0770445
2392894,-0.040715333,1.2394226,10.172846
2392904,-0.22752686,1.1352392,10.483001
2392914,-0.2826123,0.99992067,10.527308
2392924,-0.19040406,1.1915222,10.45426
2392934,-0.086220704,1.1316468,10.3931875
2392944,0.065863036,0.9017249,10.162067
2392954,0.031135254,0.91130495,10.200388
2392964,0.038320314,1.0382409,10.174043
2392974,-0.05388794,1.2418176,10.220746
2392984,0.05269043,1.1999048,10.111773
2392994,-0.0981958,1.3340259,10.192005
2393004,-0.28500733,0.9592053,10.261461
2393014,-0.43349853,0.84424436,10.4638405
2393024,-0.23471192,1.0023156,10.384805
2393034,-0.09699829,1.1723621,10.237511
2393044,-0.062270507,1.2597803,10.462643
2393054,-0.07065307,1.3280383,10.213561
2393064,0.013172608,1.3244458,10.073452
2393074,-0.0035925293,1.22625,10.1333275
2393084,-0.10538086,1.3711487,10.154882
2393094,-0.20237915,1.169967,10.2315235
2393104,-0.27901977,1.1388317,10.305769
2393114,-0.16645385,1.0825489,10.281818
2393124,-0.15208374,1.0514135,10.394384
2393134,-0.16525635,1.099314,10.417137
2393144,-0.32692015,1.1448194,10.408755
2393154,-0.14370117,0.9903406,10.365644
2393164,-0.27183473,1.1124866,10.290201
2393174,-0.13412109,1.0071057,10.436297
2393184,-0.3161426,0.91130495,10.328522
2393194,-0.3221301,0.94962525,10.360854
2393204,-0.18561402,0.83945435,10.340497
2393214,-0.17483643,0.92567503,10.353669
2393224,-0.14370117,1.0729687,10.289004
2393234,-0.21076173,1.2502002,10.303374
2393244,-0.18800904,1.2442126,10.300979
2393254,-0.1592688,1.1412268,10.202784
2393264,-0.17603393,1.1915222,10.2458935
2393274,-0.2562671,1.2250525,10.328522
2393284,-0.20836669,1.2034973,10.383607
2393294,-0.2323169,1.3424084,10.247091
2393304,-0.31135255,1.3400134,10.162067
2393314,-0.11615845,1.2705579,10.043514
2393324,-0.068258055,1.1831397,10.035131
2393333,-0.17723145,1.1939173,10.07944
2393343,-0.24189697,0.99752563,10.303374
2393353,-0.23471192,0.96040285,10.214758
2393363,-0.24189697,0.8789722,10.200388
2393373,-0.2203418,1.0286609,10.205178
2393383,-0.11735596,1.1005114,10.007589
2393393,-0.11975098,1.1867322,10.05549
2393403,-0.10298584,1.2418176,9.898616
2393413,0.07664063,1.2729529,9.886641
2393423,-0.52091676,-0.7747888,7.470066
2393433,-0.30057496,2.1219873,9.75252
2393443,-0.92687255,0.28620484,10.788365
2393453,-0.44427612,1.3723462,10.826686
2393463,-0.43589357,1.2034973,10.857821
2393473,-0.8250842,0.9364526,10.990745
2393483,-0.74125856,0.6286926,11.151211
2393493,-0.22992188,1.4262341,10.605146
2393503,-0.19160156,1.3316308,10.3440895
2393513,-0.4394861,0.7711963,10.244696
2393523,-0.3939807,0.8238867,10.090218
2393533,-0.2694397,0.7640112,10.174043
2393543,-0.39877075,0.8346643,10.172846
2393553,-0.37841308,1.1184741,10.354867
2393563,-0.37242553,1.0502161,10.387199
