8193671,-1.4429992,8.6136875,6.170768
8193681,-1.4358143,8.6843405,6.0414367
8193781,-1.607058,8.5083065,5.718109
8193791,-1.6968713,8.473579,5.5851855
8193801,-1.8776953,8.28557,5.7935524
8193811,-2.342329,8.053253,6.0498195
8193821,-2.7255323,8.153844,6.300099
8193831,-2.8153455,8.24725,5.7288866
8193841,-3.1722033,8.206534,4.963678
8193851,-3.2763867,7.9107494,3.8727465
8193861,-3.2775843,7.5443115,3.4476306
8193871,-3.258424,6.73719,3.026107
8193881,-3.309917,5.845045,2.9722192
8193891,-3.4021254,5.322931,2.7758276
8193901,-3.6607873,5.052294,2.4692652
8193911,-4.008065,5.0582814,3.6236646
8193921,-3.9661524,4.8714695,3.942202
8193931,-3.7589831,4.637955,3.9673498
8193941,-3.7003052,4.2020617,4.087101
8193951,-3.9098694,3.7925134,5.139712
8193961,-3.5685792,2.7842102,5.5265074
8193971,-3.018922,2.3710694,5.691764
8193981,-2.398612,2.1327648,5.9061184
8193991,-1.4645544,1.7411792,6.615044
8194001,-0.21076173,0.8238867,7.458091
8194011,0.82747924,-0.008382568,7.169491
8194020,2.0896544,-0.6813831,6.558761
8194030,1.7339941,-0.81789917,5.422324
8194040,4.191284,-1.6357983,4.9109874
8194050,7.085665,-1.6369958,6.0665846
8194060,10.793156,-2.1555176,9.735754
8194070,13.80609,-2.9243188,9.327404
8194080,15.159276,-5.54926,11.038645
8194090,14.668297,-6.876101,11.597882
8194100,14.491066,-8.393346,11.306888
8194110,18.10994,-8.513097,13.606106
8194120,24.578888,-7.0257897,14.72937
8194130,23.857986,-2.2345533,16.33044
8194140,21.69768,-3.37578,14.295872
8194150,19.272722,-7.1359606,9.255553
8194160,18.177,-13.465998,6.3048887
8194170,16.409477,-18.90269,3.6703675
8194180,18.167421,-21.136047,0.23471192
8194190,21.295317,-18.962566,-1.4477893
8194200,22.959854,-15.513739,-1.8681152
8194210,21.133652,-12.225377,-4.555327
8194220,15.531702,-10.735675,-5.6270986
8194230,10.785971,-12.367881,-5.083429
8194240,9.243578,-14.184504,-3.2452514
8194250,9.407637,-12.63253,-0.17244141
8194260,8.302335,-10.354867,-0.16166382
8194270,5.3133507,-10.48779,1.4429992
8194280,1.3711487,-11.049422,2.569856
8194290,-1.968706,-10.623109,6.3108764
8194300,-3.2644117,-10.342892,2.9135413
8194310,-5.542075,-6.589896,0.5400769
8194320,-7.9502673,-3.1614258,-1.6022681
8194330,-9.963282,0.55324954,-3.5063086
8194340,-11.90205,4.775669,-2.3830445
8194350,-10.164463,6.5934887,-5.093009
8194360,-9.262738,3.9901025,-5.7384667
8194370,-10.49258,1.8944604,-6.239026
8194380,-10.526111,4.931345,-5.6821837
8194390,-7.5514965,10.091414,-4.982838
8194400,-5.7588243,15.596367,-4.6499305
8194410,-5.54926,18.567389,-6.47733
8194420,-4.9552956,16.78789,-8.461604
8194430,-3.37099,14.45514,-5.445077
8194440,-1.5495776,12.122392,-1.8585352
8194450,-1.6274158,8.837622,-1.2106824
8194460,-3.7158728,6.9216065,0.49457154
8194470,-5.5756054,6.758745,0.53528684
8194480,-5.7049365,8.194559,0.15567628
8194490,-5.024751,10.071057,-0.9472302
8194499,-4.712201,11.274554,-2.3459215
8194509,-4.460724,11.035052,-2.7255323
8194519,-3.6547997,10.263856,-1.8405725
8194529,-3.1243029,9.479487,-0.674198
8194539,-3.1805859,9.357342,-0.16046631
8194549,-3.549419,9.666299,-0.32332763
8194559,-3.718268,10.306967,-0.6059399
8194569,-3.7242553,11.121273,-0.9675879
8194579,-3.6033068,11.559562,-1.6801062
8194589,-3.4236803,11.365565,-2.1064196
8194599,-3.4835558,10.930869,-1.9950513
8194609,-3.6392322,10.589579,-0.9963281
8194619,-3.3877552,10.100995,-0.4155359
8194629,-3.434458,9.905801,0.07304809
8194639,-3.3530273,9.643546,0.2574646
8194649,-3.1745985,9.698631,0.37601808
8194659,-2.7255323,9.716595,0.69455564
8194669,-2.3495142,9.821975,0.9460327
8194679,-2.0657043,9.80521,0.9244775
8194689,-2.3040087,9.699829,1.1747571
8194699,-2.4824378,9.352551,1.8992505
8194709,-2.506388,9.405242,1.1064991
8194719,-2.577041,9.457932,0.9735754
8194729,-2.4321423,9.386082,0.78915894
8194739,-2.086062,9.447155,0.796344
8194749,-1.4537768,9.193282,0.6825806
8194759,-1.1256592,8.737031,1.475332
8194769,-0.8741821,8.277187,1.8753003
8194779,-1.0765613,7.984995,2.5878186
8194789,-1.162782,7.841294,3.0237122
8194799,-0.8430469,7.853269,3.3386571
8194809,-0.40236327,7.899972,3.66917
8194819,-0.04670288,8.169412,3.7781434
8194829,0.67898804,8.50711,4.0260277
8194839,1.5843054,8.440049,4.135001
8194849,1.902843,8.25683,4.485872
8194859,2.0657043,7.5514965,4.485872
8194869,2.1016297,6.45338,4.1781116
8194879,2.2776635,5.677394,4.6738806
8194889,2.4908204,4.998406,5.031936
8194899,2.6057813,4.9936156,5.542075
8194909,3.1398706,5.309758,6.3959
8194918,3.8464015,5.597161,7.0401597
8194928,4.0571632,5.7851696,7.6712475
8194938,3.8284388,5.4965696,7.4856334
8194948,3.1937585,5.1061816,7.1539235
8194958,2.703977,4.423601,6.170768
8194968,2.6704469,3.8428087,5.2247353
8194978,2.7207422,3.598517,5.405559
8194988,3.5362463,3.509901,5.7133193
8194998,4.0176454,3.5278637,6.4102697
8195008,4.538562,3.4643958,7.380253
8195018,4.8080015,2.4716601,7.443721
8195028,4.429589,1.3220508,7.132368
8195038,4.0272255,-0.03592529,6.319259
8195048,4.3062453,-1.3112732,5.740862
8195058,5.215155,-1.9722986,5.7205043
8195068,6.8461633,-2.1818628,5.661826
8195078,8.349038,-2.379452,5.7564297
8195088,8.689131,-3.0991552,6.4402075
8195098,8.92504,-3.9314246,6.8042507
8195108,9.562116,-5.0870214,7.2736745
8195118,9.992022,-6.4881077,6.685697
8195128,10.378818,-8.036488,6.7204247
8195138,11.664943,-9.392069,7.3754625
8195148,14.273119,-9.406439,7.526349
8195158,16.78789,-8.322693,7.2509217
8195168,16.644188,-7.68442,6.5192432
8195178,14.717395,-7.7981834,5.6785913
8195188,12.995376,-9.129814,5.8019347
8195198,11.672128,-10.1824255,4.9205675
8195208,11.979888,-10.935659,4.198469
8195218,13.695919,-11.603869,3.942202
8195228,14.806011,-11.918815,3.7158728
8195238,13.983321,-12.075688,3.0368848
8195248,12.530743,-11.470946,1.8357825
8195258,11.280542,-10.902129,0.4287085
8195268,11.379935,-10.001601,0.25267455
8195278,11.884087,-8.911868,0.6490503
8195288,11.309282,-8.640033,1.1268567
8195298,9.635163,-8.788525,2.694397
8195321,7.7790236,-9.068742,4.907395
8195331,5.649851,-9.610016,5.603148
8195341,4.812792,-9.951306,4.797224
8195351,6.41985,-8.59812,4.4128237
8195361,8.420889,-6.3935046,3.0835876
8195371,8.911868,-5.0654664,2.3052063
8195381,7.9203296,-4.736151,3.4847534
8195391,6.6401916,-4.4104285,4.430786
8195401,6.0593996,-3.4883459,3.0105395
8195411,5.926476,-2.4237597,1.4609619
8195421,6.189928,-1.7794995,1.4513818
8195431,5.732479,-1.5627502,0.5879773
8195441,4.9385304,-0.96399534,4.851112
8195451,4.0954833,-0.6610254,4.566105
8195461,2.7207422,-0.37482056,3.7996986
8195471,0.93765014,0.11615845,2.8608508
8195481,-0.29817992,0.85382444,1.22625
8195491,-0.35925293,0.6813831,-0.42152345
8195500,-1.7327967,-2.5363257,-4.726571
8195510,-5.407954,-1.1268567,-2.4860303
8195520,-5.5384827,2.6740394,-4.648733
8195530,-4.2810974,7.4413257,-2.4740553
8195540,-2.1758752,8.768167,-3.3123121
8195550,-3.5673816,10.98356,-3.0105395
8195560,-5.8666005,13.206138,-2.1267774
8195570,-5.9348583,12.190649,-4.836742
8195580,-5.9216857,12.090058,-3.8631666
8195590,-4.567302,12.652888,-4.142186
8195600,-2.6285338,14.11864,-2.8045678
8195610,-2.2656884,15.011982,-1.8549427
8195620,-2.826123,14.9557,-1.0921289
8195630,-3.1650183,12.649296,-1.419049
8195640,-3.4332604,10.68538,-0.5867798
8195650,-3.1183155,9.239985,-1.3879138
8195660,-3.3254845,8.531059,-0.62989014
8195670,-3.119513,8.739427,-0.5029541
8195680,-2.2309606,9.075927,-0.59516233
8195690,-1.2813355,9.339378,-0.613125
8195700,-0.85382444,8.946595,-0.7688013
8195710,-0.94363767,8.671168,-1.2046949
8195720,-0.9580078,8.783734,-1.2657678
8195730,-1.3136683,9.308244,-0.8250842
8195740,-1.5663428,9.9572935,-0.8071216
8195750,-1.8285974,10.978769,-0.9136999
8195760,-1.9423609,11.614647,-1.104104
8195770,-2.1171973,11.65656,-1.3735437
8195780,-2.1734803,11.5188465,-1.1723621
8195790,-2.1507275,10.947635,-1.101709
8195800,-2.13037,10.4638405,-0.6286926
8195810,-1.8357825,9.817185,-0.58558226
8195820,-1.6477734,9.286688,-0.50894165
8195830,-1.5735278,9.005274,-0.14968872
8195840,-1.4585669,8.861572,0.0
8195850,-1.3376184,8.653206,0.05987549
8195860,-1.2717553,8.365803,0.38679564
8195870,-1.3998889,8.18977,0.81191164
8195880,-1.040636,7.9981675,1.2070899
8195890,-0.5712122,7.7598634,1.5902929
8195900,0.023950195,7.629335,2.0776794
8195910,0.5029541,7.7119627,2.899171
8195920,1.0142908,7.4341407,3.3997302
8195930,1.0298584,6.9096313,3.6967127
8195940,1.0801538,6.4174547,3.9924974
8195950,1.3939013,5.9540186,3.9996827
8195960,1.7699194,5.5372853,4.149371
8195970,2.4692652,5.0091834,4.2152343
8195980,3.0368848,4.253555,4.574487
8195990,3.5075061,3.3937426,5.2187476
8196000,4.27511,3.495531,6.2007055
8196010,4.2391844,4.1864944,8.126301
8196020,4.846322,4.6247826,8.952583
8196030,4.9780483,3.7050953,7.223379
8196039,4.8798523,2.830913,6.495293
8196049,4.651128,2.2118006,6.2653713
8196059,4.3469605,1.2034973,6.1180773
8196069,4.526587,0.42272094,5.9025254
8196079,5.4510646,0.36284545,6.9431615
8196089,6.5503783,0.52570677,8.180189
8196099,7.4389305,0.49696654,8.086783
8196109,7.6736426,0.1484912,6.9431615
8196119,7.4221654,-0.47062135,5.7995396
8196129,6.9850745,-1.5112573,5.0582814
8196139,6.873706,-2.7830126,4.719386
8196149,7.108418,-3.730243,4.564907
8196159,8.152646,-4.0392003,6.12167
8196169,9.236393,-4.196074,6.998247
8196179,9.348959,-4.6738806,7.242539
8196189,8.017328,-5.315746,6.4641576
8196199,6.452183,-6.1300526,5.4582496
8196209,5.7205043,-6.7455726,4.184099
8196219,5.7588243,-6.7204247,3.321892
8196229,6.1252623,-6.6892896,2.379452
8196239,6.507268,-6.4006896,1.2885205
8196249,6.8557434,-6.452183,-0.085023195
8196259,7.3072047,-6.9754944,-1.4693445
8196269,7.9981675,-7.259304,-1.1771522
8196279,9.211246,-7.6712475,0.5233118
8196289,10.465038,-8.313113,2.0920496
8196299,10.609937,-10.005194,2.4513025
8196309,10.365644,-11.486514,2.8967762
8196319,11.051818,-11.921209,2.2309606
8196329,11.545192,-11.389515,0.40236327
8196339,12.131971,-9.156159,-2.0764818
8196349,12.812157,-7.4389305,-4.235592
8196359,12.379856,-6.8677187,-5.173242
8196369,11.437416,-7.09285,-3.5290613
8196379,10.991942,-8.380174,-0.8490344
8196396,10.0207615,-10.326127,0.5783972
8196406,9.784852,-11.714041,1.1352392
8196416,10.923684,-11.3080845,0.23950195
8196426,11.681707,-10.290201,-1.7507592
8196436,12.330758,-10.572814,-3.6092944
8196446,12.9822035,-10.447075,-3.8332288
8196456,12.915143,-10.08902,-4.0008802
8196466,12.167896,-10.067465,-4.0511756
8196475,11.480526,-9.400452,-3.4488282
8196485,10.753637,-9.713001,-3.0560448
8196495,10.494976,-10.003997,-1.8980529
8196505,11.023077,-10.298584,-1.104104
8196515,11.442205,-11.157199,-0.6334827
8196525,12.076886,-11.425441,-1.2118798
8196535,11.658955,-11.95474,-1.2741504
8196545,10.484198,-11.933185,-0.22273682
8196555,9.414822,-11.602673,1.0382409
8196565,7.547904,-10.981165,2.9327013
8196575,4.9996033,-10.972782,5.6486535
8196585,2.654879,-13.13309,2.4213648
8196595,1.773512,-13.294753,1.961521
8196605,2.7351122,-10.550061,4.7912364
8196615,4.564907,-7.6101747,4.2655296
8196625,5.132527,-4.9529004,2.5614734
8196635,4.263135,-3.0153296,-1.1196716
8196645,3.441643,-1.2909155,-3.424878
8196655,2.9650342,0.31734008,-3.0368848
8196665,2.1219873,1.4250367,0.2574646
8196675,0.9364526,1.6621436,2.4069946
8196685,0.33530274,0.735271,1.9543359
8196695,-0.9089099,0.17004639,2.7638526
8196705,-1.648971,0.94962525,1.9124231
8196715,-0.92807007,1.5495776,-0.064665526
8196725,-0.48379394,1.2513977,-2.6285338
8196735,-1.2909155,1.9100281,-3.5973194
8196745,-3.026107,3.1985486,-5.6259007
8196755,-5.2582655,5.2415004,-5.0355287
8196765,-5.6091356,8.055648,-2.9817994
8196775,-4.078718,9.447155,-2.4369323
8196785,-2.8548632,9.702224,-1.1567944
8196795,-2.4405248,9.651929,-2.2321582
8196805,-2.2345533,10.212363,-5.5097423
8196815,-2.1842577,11.812237,-6.8066454
8196825,-2.6285338,13.525873,-6.357579
8196835,-3.39015,13.9952965,-6.4485903
8196845,-4.1290135,13.337864,-4.5421543
8196855,-3.8883142,11.852952,-2.3578968
8196865,-2.4441175,10.138118,-2.15911
8196875,-1.2418176,8.794512,-2.633324
8196885,-1.1005114,8.315508,-2.3674767
8196895,-0.8849597,8.184979,-2.5087829
8196905,-0.9807605,8.101153,-3.5997143
8196915,-1.341211,8.297545,-3.9673498
8196925,-1.5747254,8.249645,-3.730243
8196935,-1.6825012,8.702304,-3.0440698
8196944,-1.5423926,9.341774,-2.3926246
8196954,-1.477727,9.965676,-2.0489392
8196964,-1.8429675,10.853031,-1.8094373
8196974,-2.2776635,11.1464205,-2.1615052
8196984,-2.7003846,11.230247,-2.0848646
8196994,-2.7842102,11.388318,-1.8717078
8197004,-2.191443,11.375145,-2.0166063
8197014,-1.9519409,11.153606,-1.6848962
8197024,-1.6274158,10.851833,-1.1819421
8197034,-1.470542,10.678195,-0.91010743
8197044,-1.5112573,10.447075,-0.85502195
8197054,-1.4022839,10.235116,-1.2609777
8197064,-1.1172767,9.763297,-1.3891113
8197074,-1.1184741,9.3381815,-1.1567944
8197084,-1.1460168,9.019644,-0.59755737
8197094,-0.91849,8.723859,-0.22393432
8197104,-0.95321774,8.861572,0.029937744
8197114,-0.8969348,8.679551,0.123343505
8197124,-1.2418176,8.807684,0.54726195
8197134,-1.0801538,8.504714,1.1268567
8197144,-0.8909473,7.7933936,1.5016773
8197154,-0.5281018,7.508386,2.386637
8197164,-0.13292359,7.164701,2.933899
8197174,0.37841308,6.937174,3.612887
8197184,0.674198,6.661747,3.8535864
8197194,1.1747571,6.581514,3.737428
8197204,1.7771045,6.331234,3.3697925
8197214,2.3507116,5.9049206,3.0895753
8197224,2.9159362,5.269043,2.9686267
8197234,3.2967443,4.8091993,3.8511915
8197244,3.6799476,4.4738965,5.0498986
8197254,4.1876917,3.913462,6.053412
8197264,4.409231,3.1590307,7.155121
8197274,4.643943,2.4321423,7.169491
8197284,4.863087,2.6369164,7.8796144
8197294,5.5516553,3.3278797,9.025631
8197304,6.324049,3.0285022,6.884484
8197314,6.239026,2.3650818,5.403164
8197324,5.694159,1.7232165,5.2115626
8197334,5.1480947,0.82268924,5.605543
8197344,5.2307224,-0.09580078,5.447472
8197354,5.8151073,-1.0861413,5.635481
8197364,6.307284,-1.9160156,5.5265074
8197374,6.7503624,-1.9830762,5.4654346
8197384,8.234077,-1.4741346,5.9492283
8197394,10.230326,-1.0071057,5.781577
8197404,11.287727,-1.1484119,4.3289976
8197414,10.457852,-1.9483484,3.5673816
8197424,9.201665,-3.8416114,2.701582
8197434,7.870034,-5.379214,2.9123437
8197444,7.205416,-5.994734,3.923042
8197454,6.9611244,-6.229446,4.373306
8197463,6.8868785,-5.997129,5.4175344
8197473,7.491621,-5.3217335,5.2139573
8197483,7.820936,-5.2043777,3.2991395
8197493,7.838899,-6.0474243,1.3448035
8197503,7.813751,-7.5359287,0.429906
8197513,8.642428,-8.444839,0.56881714
8197523,9.648336,-8.873548,0.8310718
8197533,10.159673,-8.425678,1.6765137
8197543,9.970467,-8.36221,0.6873706
8197553,9.190887,-8.375383,-0.27422974
8197563,8.814869,-8.200547,-0.69096315
8197573,9.036408,-8.441246,-1.0083032
8197583,9.53098,-9.348959,-1.5663428
8197593,10.328522,-9.617201,-1.1855347
8197603,11.208692,-9.158555,-1.1076965
8197613,11.407478,-8.86277,-1.7471668
8197623,11.06499,-8.666378,-2.386637
8197644,10.708133,-8.671168,-2.1806653
8197654,10.668614,-8.964558,-1.4441968
8197664,10.736873,-9.329799,-1.0825489
8197674,11.211086,-9.529782,-1.2933105
8197684,12.149934,-9.842333,-2.0429516
8197694,12.991783,-9.952503,-2.5878186
8197704,13.57497,-10.358459,-2.7291248
8197714,13.73903,-10.806328,-3.006947
8197724,13.668377,-11.3643675,-3.6991076
8197734,14.034815,-11.9619255,-4.502637
8197744,14.726975,-12.155922,-5.1037865
8197754,16.33523,-12.220587,-4.5529323
8197764,16.574732,-11.817026,-2.9746141
8197774,14.73895,-12.609777,-2.086062
8197784,11.924802,-12.740307,-0.58558226
8197794,9.298663,-13.079202,0.35925293
8197804,8.487949,-12.681628,2.6704469
8197814,8.0999565,-11.896062,3.98172
8197824,7.6005945,-12.766651,5.0175657
8197834,6.786288,-14.629977,5.437892
8197844,3.6895275,-15.267052,5.366041
8197854,3.6595898,-14.694642,1.5747254
8197864,3.2608192,-14.119838,-1.3004956
8197874,1.956731,-13.576168,-6.2246556
8197884,-1.3495935,-12.545113,-12.464879
8197894,-6.274951,-7.4006104,-12.533137
8197904,-7.5419164,-2.1854553,-9.514215
8197914,-4.756509,-2.0213964,-15.034735
8197924,-5.988746,0.1484912,-12.77743
8197934,-10.607541,2.8644433,-7.085665
8197944,-13.348641,5.374424,-1.9639161
8197954,-11.672128,7.2485266,0.17483643
8197964,-7.397018,8.783734,-2.205813
8197974,-4.8499146,11.445798,-4.470304
8197983,-3.8260436,13.317506,-7.38624
8197993,-3.725453,14.855108,-9.473499
8198003,-3.3123121,16.69568,-8.746612
8198013,-2.6812243,15.449074,-8.151449
8198023,-3.1674132,12.340338,-5.024751
8198033,-4.968468,9.195678,-0.7927515
8198043,-6.228248,6.955137,1.9974463
8198053,-5.8402553,5.6079383,2.6201513
8198063,-4.2296047,5.6558385,1.3795313
8198073,-2.45729,7.2389464,0.027542725
8198083,-1.0669812,9.019644,-1.4897021
8198093,-0.27422974,10.621912,-2.3219714
8198103,-0.30177248,11.3080845,-3.2201037
8198113,-1.2274475,11.361973,-3.0356872
8198123,-2.4800427,10.847043,-1.5914905
8198133,-3.6631823,10.617122,-0.032332763
8198143,-3.9218445,10.989547,0.11136841
8198153,-3.2177088,11.30569,-0.6646179
8198163,-2.6093738,11.785892,-0.1951941
8198173,-2.1183949,11.918815,-0.15088624
8198183,-1.6058606,11.776311,-0.8298743
8198193,-1.3831238,11.5823145,-1.1436218
8198203,-1.5364051,11.164384,-1.275348
8198213,-1.714834,10.921289,-0.80592406
8198223,-1.6741186,10.636282,-0.18082398
8198233,-1.6178356,10.298584,0.26105714
8198243,-1.4334192,9.983639,0.7855664
8198253,-1.2370276,9.879456,0.8813672
8198263,-1.2011023,10.145303,1.0118958
8198273,-1.1388317,10.165661,0.76640624
8198283,-1.1424243,10.286609,0.30895752
8198293,-1.2921131,10.239906,0.30177248
8198303,-1.4106665,10.334509,0.17483643
8198313,-1.4106665,10.34888,-0.019160157
8198323,-1.3735437,10.471025,-0.032332763
8198333,-1.5435901,10.609937,-0.029937744
8198343,-1.53401,10.631492,0.0
8198353,-1.5519726,10.509346,0.0011975098
8198363,-1.3699511,10.436297,0.37482056
8198373,-1.2981006,10.092612,0.81550413
8198383,-1.1388317,9.81479,1.1376343
8198393,-0.8454419,9.562116,1.475332
8198403,-0.8202942,9.389674,1.9962487
8198412,-0.8107141,9.249565,2.654879
8198422,-0.65743285,8.7825365,2.8608508
8198432,-0.22273682,8.369396,3.1039453
8198442,0.17363891,8.176597,3.7098854
8198452,0.64186525,7.9526625,3.8703516
8198462,1.407074,8.1071415,4.660708
8198472,1.9543359,8.005353,5.7001467
8198482,1.9351758,7.6951976,6.5851064
8198492,1.658551,7.492819,7.1838613
8198502,1.4322217,7.228169,7.213799
8198512,1.421444,6.764733,6.347999
8198522,1.8034497,6.502478,5.3133507
8198532,2.022594,6.274951,4.798422
8198542,2.4692652,6.1420274,4.555327
8198552,2.6153612,6.016289,5.17444
8198562,2.6512866,5.748047,6.267766
8198572,2.997367,5.483397,6.516848
8198582,3.1578333,4.9600854,6.309679
8198592,3.0153296,4.1565566,5.3624487
8198602,3.3206947,3.4691858,4.806804
8198612,3.798501,2.889591,4.5708947
8198622,3.8236487,2.0213964,4.6343627
8198632,3.864364,0.8322693,5.2798204
8198642,3.9242394,-0.33171022,6.12167
8198652,4.26074,-0.737666,7.0724926
8198662,5.0666637,-0.5173242,8.255632
8198672,5.7444544,-0.4646338,7.0509377
8198682,5.4342995,-0.7364685,5.1504893
8198692,4.411626,-1.1448194,4.099076
8198702,5.024751,-1.5328125,1.7339941
8198712,5.7636147,-2.1890478,1.5232325
8198722,6.7216225,-3.2165112,2.1327648
8198732,8.019723,-4.3445654,3.1326857
8198742,8.908276,-5.0630713,4.9792457
8198752,9.012459,-5.649851,6.3959
8198762,8.368198,-6.3036914,7.2640944
8198772,6.910829,-7.2245765,7.7514806
8198782,5.5899754,-8.196955,7.0629125
8198792,6.1204724,-8.656798,6.108497
8198802,8.940608,-8.068821,6.091732
8198812,11.37275,-6.805448,5.4821997
8198822,12.005035,-6.6401916,4.2319994
8198832,11.07936,-7.1778736,2.9123437
8198842,10.77639,-7.61257,3.0847852
8198851,11.151211,-9.286688,3.1865735
8198861,11.557167,-10.565629,4.2439747
8198871,12.3139925,-10.903326,4.548142
8198881,12.616962,-10.42552,3.812871
8198891,12.402609,-9.799222,2.6369164
8198901,12.060121,-9.016051,1.8262024
8198911,11.732003,-8.933423,1.7076489
8198921,11.745175,-9.378897,1.84656
8198931,12.221785,-10.265054,1.8226099
8198941,13.225298,-10.37762,2.2489233
8198951,13.4169,-10.15608,2.5279431
8198972,12.460089,-10.841056,2.090852
8198982,11.203901,-11.29132,2.6129663
8198992,10.716515,-10.99793,3.0368848
8199002,10.37762,-10.596764,2.6740394
8199012,10.617122,-10.162067,2.4141798
8199022,11.110496,-9.459129,2.6668541
8199032,11.122471,-9.565708,2.5339308
8199042,10.551258,-9.689052,3.1530433
8199052,9.430389,-9.606423,3.6009119
8199062,8.426876,-9.932146,3.4548156
8199072,8.018525,-10.031539,3.6775525
8199082,8.430469,-9.618399,2.7231371
8199092,9.041199,-9.665101,2.4680676
8199102,9.305848,-9.696237,2.8620484
8199112,7.597002,-9.423204,3.6332445
8199122,5.5384827,-9.110654,3.5122962
8199132,3.624862,-8.867559,1.4298266
8199142,2.151925,-8.321495,0.5903723
8199152,1.1400293,-7.9837976,-1.275348
8199162,0.27422974,-7.611372,-3.424878
8199171,-1.5459851,-7.7131605,-4.7301636
8199181,-4.794829,-7.2928343,-2.2980213
8199191,-10.047107,-6.2414207,-2.7854078
8199201,-13.608501,-1.9279907,-6.10251
8199211,-16.887283,4.7601013,-6.8677187
8199221,-14.259946,10.518926,-9.019644
8199231,-10.615924,14.315032,-7.132368
8199241,-7.7766285,15.089821,-7.628137
8199251,-5.5540504,15.047908,-8.982521
8199261,-3.8116736,15.475419,-10.423125
8199271,-2.8045678,14.958095,-11.490107
8199281,-2.6273365,14.095887,-10.195599
8199291,-2.630929,12.802577,-8.214917
8199301,-3.0296998,11.825409,-6.428232
8199311,-4.240382,11.512859,-3.6536024
8199321,-5.7516394,10.214758,-1.7950672
8199331,-5.7707996,8.281978,-1.040636
8199341,-4.223617,6.864126,0.12693603
8199351,-2.5399182,6.6964746,0.14130615
8199361,-1.7603394,7.5299416,-0.54726195
8199371,-1.407074,9.079519,-0.87657714
8199381,-1.2921131,10.841056,-0.9783655
8199391,-1.8214123,11.536809,-1.4346167
8199401,-2.8081603,11.684103,-1.2082874
8199411,-3.8020935,11.430231,-0.5221143
8199421,-4.0655456,11.205099,-0.17363891
8199431,-3.441643,11.565549,-0.09580078
8199441,-2.5004003,12.2577095,-0.1580713
8199451,-1.6346009,12.293635,-0.09939331
8199461,-1.5567627,12.067306,-0.23590942
8199471,-1.5483801,11.888877,-0.07783814
8199481,-1.3328284,11.377541,0.30296996
8199491,-1.2945081,10.633886,0.6478528
8199501,-1.3112732,9.936936,1.1124866
8199511,-1.287323,9.491463,1.5639478
8199521,-1.3687537,9.166937,1.8202149
8199531,-1.162782,9.425599,1.7639319
8199541,-0.58079225,9.804012,1.8178198
8199551,-0.4514612,9.972861,2.4489074
8199561,-0.53049684,9.856703,2.13037
8199571,-0.13292359,9.473499,1.8453625
8199581,0.46942383,9.093889,1.771117
8199591,0.9927356,8.922646,2.081272
8199601,1.0394385,8.538244,2.2453308
8199611,1.0514135,8.424481,2.3159838
8199621,1.3196558,8.473579,2.3339465
8199631,1.353186,8.666378,2.2525158
8199641,1.4908997,8.374186,2.4249573
8199651,1.4825171,8.177794,3.4021254
8199661,1.2909155,8.095166,4.543352
8199670,1.2813355,8.0508585,5.157675
8199680,1.4154565,8.144264,5.205575
8199690,1.463357,8.231682,5.101392
8199700,1.4477893,8.21851,4.8331494
8199710,1.5843054,8.292755,4.5780797
8199720,1.6082556,8.198152,4.352948
8199730,1.6980689,8.093968,4.333788
8199740,2.1016297,8.18977,4.7301636
8199750,2.3327491,8.326285,5.3828063
8199760,2.5494983,8.369396,5.7707996
8199770,2.398612,8.041278,6.478528
8199780,2.083667,7.0006423,6.653364
8199790,2.325564,6.4485903,6.3288393
8199800,2.6800268,5.8474402,6.0893373
8199810,3.490741,5.124144,5.884563
8199820,3.6464171,4.926555,6.0031166
8199830,4.252357,5.3875966,7.037765
8199840,4.5421543,5.4438796,7.08327
8199850,4.2487645,5.836663,7.249724
8199860,3.8356237,6.234236,7.562274
8199870,3.885919,6.0426345,7.0162096
8199880,3.7158728,5.380411,6.484515
8199890,3.307522,4.651128,7.1599107
8199900,3.5793567,3.6045043,7.62694
8199910,4.0978785,2.7279272,8.169412
8199920,4.2715173,2.2393432,8.878338
8199930,4.5002418,2.45729,8.91067
8199940,5.3361034,3.3530273,9.050778
8199950,6.0258694,3.7829332,7.7921963
8199960,5.955216,3.6021094,6.7264123
8199970,5.245093,3.2272887,6.3060865
8199980,4.355343,2.274071,6.2090883
8199990,4.3541455,1.4585669,6.5216384
8200000,4.757706,0.920885,6.9263964
8200010,4.8283596,0.38440064,7.443721
8200020,5.108577,0.016765136,7.573052
8200030,5.9983263,-0.08861572,7.315587
8200040,6.673722,-0.19998413,6.74677
8200050,6.876101,-0.89334226,6.3923073
8200060,6.787485,-1.9531385,6.5108604
8200070,6.646179,-2.9937744,7.2389464
8200080,6.553971,-4.1781116,8.327483
8200090,6.4078746,-5.151687,8.801697
8200100,6.485713,-5.6893687,8.378976
8200110,7.7610607,-4.996011,7.9442797
8200120,9.841135,-3.9541771,7.204219
8200130,10.851833,-3.5937269,6.916816
8200140,10.653047,-4.6822634,6.4809227
8200149,9.914184,-6.8533483,6.7048573
8200159,9.310638,-8.272397,7.4161777
8200169,9.077124,-9.946516,6.276149
8200179,9.942924,-11.432626,5.219945
8200189,12.208612,-11.385922,5.1684523
8200199,13.580958,-9.911788,5.276228
8200209,13.331876,-8.616083,4.679868
8200219,12.682826,-9.071136,4.0667434
8200229,12.323573,-9.7321615,4.2343946
8200239,12.266092,-10.326127,3.8212538
8200249,12.557087,-11.317665,2.9003687
8200259,13.703104,-11.332035,2.5423133
8200269,14.932947,-10.42552,2.9171338
8200279,15.144906,-9.642348,2.6393116
8200289,14.355747,-9.430389,2.9853919
8200299,12.787009,-9.684261,2.626139
8200309,11.232641,-9.815988,2.9817994
8200330,10.474618,-10.205178,2.4273522
8200340,10.52132,-9.438772,3.3769774
8200350,10.278226,-8.062833,3.6488123
8200360,9.333391,-6.9240017,3.5314562
8200370,8.229287,-6.40548,2.9961693
8200380,6.8952613,-6.7671275,2.994972
8200390,5.3947816,-7.0401597,3.2033386
8200400,4.4224033,-7.129973,2.7123597
8200410,3.1698084,-5.950426,3.1003528
8200420,3.2500415,-5.2007847,1.5196398
8200430,3.171006,-4.035608,2.3135889
8200440,2.6225464,-3.0225146,4.6331654
8200450,2.0549269,-3.051255,5.533693
8200460,1.033451,-3.6404297,4.477489
8200469,0.19878662,-4.7325587,2.1722827
8200479,-0.66821045,-4.7612987,3.744613
8200489,-0.9412427,-4.4152184,3.8679566
8200499,-1.3723462,-3.8799317,4.2799
8200509,-3.6679723,-2.2477257,3.8320313
8200519,-7.782616,0.81191164,2.6608667
8200529,-10.009984,4.2008643,0.53289187
8200539,-8.108338,7.2509217,-2.137555
8200549,-4.0487804,7.8891945,-5.2019825
8200559,-2.147135,7.2652917,-5.5708156
8200569,-2.1064196,7.267687,-2.7207422
8200579,-1.5088623,6.7671275,-1.3831238
8200589,-1.6884887,6.037844,-1.4322217
8200599,-3.234474,5.9121056,-2.2213807
8200609,-3.6200721,8.086783,-4.848717
8200619,-4.406836,11.284135,-9.139395
8200629,-5.410349,14.129417,-10.915301
8200639,-5.562433,16.13884,-8.687933
8200649,-3.9877076,15.93167,-7.822134
8200659,-3.1650183,13.997692,-5.933661
8200669,-2.6908045,11.832594,-3.9996827
8200679,-1.712439,10.494976,-3.3422499
8200689,-0.8909473,10.188413,-3.0907726
8200699,-0.4418811,9.744137,-3.0740075
8200709,-0.27901977,9.620793,-3.39015
8200719,-0.5340893,9.600436,-3.1590307
8200729,-1.1615845,9.22322,-2.0082238
8200739,-1.5352075,9.131012,-0.8250842
8200749,-1.785487,9.400452,-0.5831873
8200759,-1.771117,9.444759,-0.91609496
8200769,-1.5986755,9.830358,-0.9520203
8200779,-1.3998889,10.405163,-0.5281018
8200789,-1.2094848,11.164384,-0.043110352
8200799,-1.23104,11.498488,0.09101074
8200809,-1.4920971,11.545192,-0.18681152
8200819,-1.7495618,11.674522,-0.5113367
8200829,-2.003434,11.335628,-0.31734008
8200839,-2.3135889,11.231444,0.37482056
8200849,-2.3171813,11.161988,0.80592406
8200859,-2.1435425,10.952424,0.984353
8200869,-2.0022364,10.855426,0.7699988
8200879,-1.6801062,10.879376,0.4071533
8200889,-1.4813195,10.976375,0.27782226
8200899,-1.4382092,10.903326,0.3305127
8200909,-1.4298266,10.862611,0.28500733
8200919,-1.419049,10.823093,0.24189697
8200929,-1.6274158,10.457852,0.5640271
8200939,-1.8046472,10.098599,0.6286926
8200949,-1.6872913,10.255474,0.40595582
8200959,-1.7747095,10.299782,0.38320312
8200969,-1.6968713,10.244696,0.3544629
8200979,-1.5435901,10.110575,0.18920654
8200989,-1.3711487,10.271041,0.04790039
8200998,-1.2717553,10.281818,-0.033530273
8201008,-1.3471985,10.370435,0.0
8201018,-1.355581,10.541678,-0.11735596
8201028,-1.4693445,10.50695,-0.30776
8201038,-1.658551,10.468631,-0.1472937
8201048,-1.780697,10.236314,0.0047900393
8201058,-1.6286132,10.128537,-0.05748047
8201068,-1.6836988,10.273437,0.4514612
8201078,-1.6860938,10.208771,0.7843689
8201088,-1.6944764,10.277029,0.98195803
8201098,-1.5795153,10.314152,0.798739
8201108,-1.6872913,10.237511,0.8586145
8201118,-1.7794995,10.121352,0.7580237
8201128,-1.6178356,10.278226,0.7532337
8201138,-1.4717395,10.215956,1.0202783
8201148,-1.6286132,10.299782,1.2909155
8201158,-1.3974938,10.4075575,1.5747254
8201168,-1.4693445,10.524914,1.9531385
8201178,-1.5555652,10.609937,2.1782703
8201188,-1.4477893,10.541678,2.381847
8201198,-1.5902929,10.517728,2.525548
8201208,-1.4669495,10.305769,1.8130298
8201218,-0.8681946,10.357262,0.9460327
8201228,-0.7819739,10.176438,0.7209009
8201238,-1.0382409,9.932146,1.0873389
8201248,-1.0502161,9.983639,1.7651294
8201258,-0.9244775,10.067465,2.6345215
8201268,-0.9352551,9.841135,3.297942
8201278,-0.90531737,9.747729,3.9613624
8201288,-0.8454419,9.77647,4.218827
8201298,-0.83346677,9.827963,4.181704
8201308,-0.71251833,10.078242,3.7577856
8201318,-0.48618898,10.353669,3.0740075
8201328,-0.47421387,10.4003725,2.645299
8201338,-0.556842,10.374027,2.2321582
8201348,-0.5712122,10.202784,2.2525158
8201358,-0.63468015,10.243499,2.3555017
8201368,-0.6861731,9.896221,2.4680676
8201378,-0.77718383,9.750125,2.550696
8201388,-0.8837622,9.3872795,2.8668385
8201398,-1.0562036,9.210048,3.0452673
8201408,-1.0346484,9.077124,3.0740075
8201418,-0.9316626,8.914263,3.1326857
8201428,-0.9951306,8.807684,3.0883777
8201438,-1.0705737,8.9022875,3.2955468
8201448,-1.0681787,9.283095,3.0572424
8201458,-0.9304651,9.825567,2.8680358
8201468,-0.796344,10.157278,2.6464965
8201477,-0.74006104,10.461445,2.711162
8201487,-0.7544311,10.551258,2.8764184
8201497,-0.85023195,10.292597,3.0488598
8201507,-0.99872315,10.065069,3.5087037
8201517,-1.045426,9.837543,3.857179
8201527,-1.0777588,9.536968,4.2667274
8201537,-1.3651612,9.354946,4.742139
8201547,-1.4789245,9.296268,4.9385304
8201557,-1.526825,9.393267,4.855902
8201567,-1.477727,9.510623,4.643943
8201577,-1.4944922,9.627978,4.2882824
8201587,-1.6477734,9.847123,3.8799317
8201597,-1.6082556,9.903406,3.8260436
8201607,-1.6010705,9.935739,3.747008
8201617,-1.648971,9.887838,3.8751416
8201627,-1.6872913,9.9010105,4.0332127
8201637,-1.7232165,9.730965,4.198469
8201647,-1.7004639,9.654324,4.3373804
8201657,-1.714834,9.459129,4.58766
8201667,-1.7663269,9.411229,4.678671
8201677,-1.848955,9.314231,4.6032276
8201687,-1.7950672,9.354946,4.5325747
8201697,-1.8142273,9.389674,4.479884
8201707,-1.8848804,9.351354,4.4978466
8201717,-1.8585352,9.4507475,4.5205994
8201727,-1.9160156,9.424402,4.628375
8201737,-1.9471508,9.443562,4.6355605
8201747,-2.0537293,9.42081,4.6403503
8201757,-1.9878662,9.363329,4.62119
8201767,-1.956731,9.313033,4.5529323
8201777,-2.0501368,9.262738,4.380491
8201787,-1.8896704,9.297466,4.333788
8201797,-1.8441651,9.342971,4.1385937
8201807,-1.7866845,9.472302,4.2008643
8201817,-1.6968713,9.49745,4.301455
8201827,-1.6813037,9.414822,4.4691067
8201837,-1.7028589,9.304651,4.5708947
8201847,-1.7375866,9.152567,4.726571
8201857,-1.7962646,9.026829,4.8570995
8201867,-1.8645227,9.038804,5.037924
8201877,-1.726809,8.932225,5.195995
8201887,-1.6681311,8.976533,5.2917957
8201897,-1.6501684,9.138197,5.158872
8201907,-1.6274158,9.207653,5.142107
8201917,-1.6010705,9.237591,5.085824
8201927,-1.5519726,9.077124,5.1193542
8201937,-1.4801221,9.188493,5.300178
8201946,-1.3424084,9.238788,5.3504734
8201956,-1.1903247,9.325008,5.346881
8201966,-1.219065,9.451944,5.125342
8201976,-1.3124707,9.445957,4.8415318
8201986,-1.2957056,9.55972,4.7325587
8201996,-1.4549744,9.485475,4.702621
8202006,-1.4334192,9.353748,4.7457314
8202016,-1.3328284,9.145382,5.156477
8202026,-1.2657678,8.819659,5.3241286
8202036,-1.2741504,8.653206,5.48699
8202046,-1.1939173,8.641231,5.5025573
8202056,-1.0514135,8.681946,5.437892
8202066,-1.1508069,8.713081,5.24629
8202076,-1.1124866,8.799302,5.101392
8202086,-1.2022998,8.855585,5.076244
8202096,-4.946913,10.867401,6.098917
8202106,-0.9472302,9.461525,2.7027795
8202116,0.38919067,9.164542,5.0558863
8202126,2.1962328,7.3658824,7.787406
8202136,2.1878502,6.615044,8.509504
8202146,0.41673338,7.7502832,7.491621
8202156,-0.10897339,8.5154915,7.132368
8202166,-0.29817992,9.214838,7.66526
8202176,-1.0657837,9.601633,7.9861927
8202186,-2.9362938,9.128617,4.4786863
8202196,-3.5122962,9.140592,3.8272412
8202206,-3.3111145,9.410031,3.9050794
8202216,-2.1267774,9.375304,4.191284
8202226,-1.101709,9.224418,4.7744713
8202236,-0.36404297,8.943003,4.946913
8202246,-0.09939331,8.79571,5.0942063
8202256,0.09101074,8.840017,5.1552796
